Triplet	Amino acid	Fraction	Frequency/Thousand	Number	Least	Most
TAG	*	0.2	0.5	10915	TAG	TGA
TAA	*	0.28	0.7	14322	TAG	TGA
TGA	*	0.52	1.3	25383	TAG	TGA
GCG	A	0.11	7.6	150708	GCG	GCT
GCA	A	0.23	16	317338	GCG	GCT
GCT	A	0.26	18.6	370873	GCG	GCT
GCC	A	0.4	28.5	567930	GCG	GCT
TGT	C	0.45	9.9	197293	TGT	TGC
TGC	C	0.55	12.2	243685	TGT	TGC
GAT	D	0.46	22.3	443369	GAT	GAC
GAC	D	0.54	26	517579	GAT	GAC
GAA	E	0.42	29	577846	GAA	GAG
GAG	E	0.58	40.8	810842	GAA	GAG
TTT	F	0.45	16.9	336562	TTT	TTC
TTC	F	0.55	20.4	406571	TTT	TTC
GGT	G	0.16	10.8	215544	GGT	GGC
GGA	G	0.25	16.3	325243	GGT	GGC
GGG	G	0.25	16.4	326879	GGT	GGC
GGC	G	0.34	22.8	453917	GGT	GGC
CAT	H	0.41	10.4	207826	CAT	CAC
CAC	H	0.59	14.9	297048	CAT	CAC
ATA	I	0.16	7.1	140652	ATA	ATC
ATT	I	0.36	15.7	313225	ATA	ATC
ATC	I	0.48	21.4	426570	ATA	ATC
AAA	K	0.42	24	476554	AAA	AAG
AAG	K	0.58	32.9	654280	AAA	AAG
TTA	L	0.07	7.2	143715	CTA	CTG
CTA	L	0.07	6.9	138154	CTA	CTG
TTG	L	0.13	12.6	249879	CTA	CTG
CTT	L	0.13	12.8	253795	CTA	CTG
CTC	L	0.2	19.4	386182	CTA	CTG
CTG	L	0.41	40.3	800774	CTA	CTG
ATG	M	1	22.3	443795	ATG	ATG
AAT	N	0.46	16.7	331714	AAT	AAC
AAC	N	0.54	19.5	387148	AAT	AAC
CCG	P	0.11	7	139414	CCG	CCC
CCA	P	0.27	16.7	331944	CCG	CCC
CCT	P	0.28	17.3	343793	CCG	CCC
CCC	P	0.33	20	397790	CCG	CCC
CAA	Q	0.25	11.8	234785	CAA	CAG
CAG	Q	0.75	34.6	688316	CAA	CAG
CGT	R	0.08	4.7	93458	CGT	CGG
CGA	R	0.11	6.3	126113	CGT	CGG
CGC	R	0.19	10.9	217130	CGT	CGG
AGA	R	0.2	11.5	228151	CGT	CGG
AGG	R	0.2	11.4	227281	CGT	CGG
CGG	R	0.21	11.9	235938	CGT	CGG
TCG	S	0.06	4.5	89429	TCG	AGC
TCA	S	0.15	11.7	233110	TCG	AGC
AGT	S	0.15	11.9	237404	TCG	AGC
TCT	S	0.18	14.6	291040	TCG	AGC
TCC	S	0.22	17.4	346943	TCG	AGC
AGC	S	0.24	19.4	385113	TCG	AGC
ACG	T	0.12	6.2	123533	ACG	ACC
ACT	T	0.24	12.8	255582	ACG	ACC
ACA	T	0.28	14.8	294223	ACG	ACC
ACC	T	0.36	19.2	382050	ACG	ACC
GTA	V	0.11	7	139156	GTA	GTG
GTT	V	0.18	10.9	216818	GTA	GTG
GTC	V	0.24	14.6	290874	GTA	GTG
GTG	V	0.47	28.9	575438	GTA	GTG
TGG	W	1	12.8	255512	TGG	TGG
TAT	Y	0.43	12	239268	TAT	TAC
TAC	Y	0.57	15.6	310695	TAT	TAC
